Title,Company,Rating,Review,Experience,Location,Salary,Description,Skills
Data Science Analytics Sr Analyst - Data Science,Accenture,4.1,,5-8 Yrs,Mumbai,Not disclosed,Please note that this role may require you to work in rotational shiftsQualifications: ...,"['Data', 'SciencePublishingArtificial', 'IntelligencePredictive', 'modelingCloudAI', 'applicationsIntelligenceData']"
Data Science Domain Manager,Coursera,3.9,,7-11 Yrs,"Kolkata, Mumbai, New Delhi, Hyderabad/Secunderabad, Pune, Chennai, Bangalore/Bengaluru",Not disclosed,"We are seeking a strategic, data-driven, and entrepreneurial content strategist to en...","['Computer', 'scienceContent', 'strategyData', 'analysisUsagedata', 'scienceArtificial', 'IntelligenceMachine', 'learningData', 'analytics']"
Data Science Analyst II Developer,,,,0-5 Yrs,"Noida, Uttar Pradesh, Gurgaon/ Gurugram, Haryana, Delhi / NCR",4-9 Lacs PA,"Technical expertise regarding data models, database design development, data mining and...","['Data', 'ScienceData', 'Science', 'AnalystDATAAdvanced', 'AnalyticsData', 'AnalyticsTensorflowEDANatural', 'Language', 'Processing']"
Senior Data Analyst (Data Science),Trigyn Technologies,3.5,,5-10 Yrs,Remote,Not disclosed,Trigyn has a contractual opportunity for a Senior Data Analyst. This resource will be ...,"['Data', 'ScienceData', 'MartArtificial', 'IntelligenceData', 'CurationData', 'MiningData', 'VisualizationData', 'AnalyticsMachine', 'Learning']"
"SENIOR MANAGER I, DATA SCIENCE",Walmart,4.0,,6-10 Yrs,Bangalore/Bengaluru,Not disclosed,"Peer review and publish work in top tier ML / AI conferences such as NIPS, ICML, AAAI a...","['ConsultingMachine', 'learningSEZData', 'miningContinuous', 'improvementForecastingInformation', 'technologyAnalytics']"
"Senior Analyst, Data Science & Analytics",Transunion,4.2,,1-2 Yrs,Pune,Not disclosed,This role will be required to fit well within a lively and interactive team and quickly...,"['Data', 'analysisOperations', 'researchLinuxRisk', 'managementBusiness', 'intelligenceGamingAnalyticsFinancial', 'services']"
Senior Analyst- Data Science,Tiger Analytics,3.5,,2-5 Yrs,"Hybrid - Hyderabad/Secunderabad, Chennai, Bangalore/Bengaluru",13-18 Lacs PA,Tiger Analytics is a global AI and analytics consulting firm. With data and technology ...,"['Machine', 'Learning', 'AlgorithmsRegression', 'ModelingPython', 'DevelopmentPythonAlgorithmsDataMachine', 'learningMachine']"
Head - Data Science & Business Analytics,Denave,3.9,,12-15 Yrs,"Hybrid - Noida, Uttar Pradesh",Not disclosed,"Skills Required : Team Management, Data Science, P&L, Client Management, . Commercial, ...","['NLPData', 'SciencePredictive', 'ModelingTeam', 'ManagementPower', 'BiAdvanced', 'AnalyticsStatistical', 'ModelingETL']"
"Manager, Data Science",Cerner,3.9,,8-13 Yrs,Bangalore/Bengaluru,Not disclosed,Preferred Qualifications . At least 1 year data analytics and / or statistics work exp...,"['Data', 'managementdata', 'scienceProject', 'managementData', 'analyticsdata', 'visualizationManagementData', 'miningBusiness', 'intelligence']"
Data Science Engineer || Immediate Joiner || Bangalore,Conneqt,3.7,,3-6 Yrs,Hybrid - Bangalore/Bengaluru,Not disclosed,Total Experience Required: 3 to 6 Years . Location: Bangalore . Work Mode: Work from of...,"['Data', 'SciencePredictive', 'ModelingLogistic', 'RegressionDeep', 'Learning', 'FrameworksLinear', 'RegressionTime', 'Series', 'AnalysisTime', 'SeriesMachine', 'Learning']"
Data Science Engineer || Immediate Joiner || Bangalore,Conneqt,3.7,,3-8 Yrs,Hybrid - Bangalore/Bengaluru,8-18 Lacs PA,Total Experience Required: 3 to 8 YearsLocation: BangaloreWork Mode: Work from officeN...,"['Machine', 'LearningData', 'SciencePredictive', 'ModelingMachine', 'Learning', 'opsLogistic', 'RegressionRegressionText', 'MiningClustering']"
Statistical Data Sciences Lead (IC),Pfizer,4.1,,5-8 Yrs,Chennai,Not disclosed,. Accountable for the quality and timely delivery of datasets and displays required for...,"['Statistical', 'programmingCareer', 'developmentQCResourcingSAS', 'RProgrammingMentorManagement']"
Lead Data Scientist / Data Science - Manager | GeakMinds | Chennai,GeakMinds Technology Private Limited,4.5,,5-10 Yrs,Hybrid - Chennai,Not disclosed,Location: Chennai (Presently Remote) . Employment: Full time Experience: 5 - 10 years ....,"['Machine', 'LearningPythonSQLDataManagementData', 'ScienceScienceMachine']"
GN - Strategy - MC - T&O - NLP Data Science - Analyst,Accenture,4.1,,1-4 Yrs,"Mumbai, Hyderabad/Secunderabad, Pune, Gurgaon/Gurugram, Chennai, Bangalore/Bengaluru",Not disclosed,REQUIRED EXPERIENCE/ SKILLSA global network where only state-of-the-art tools and techn...,"['Data', 'Sciencedata', 'analyticsSASData', 'miningPythonRNLPMachine', 'learning']"
Data Science Application Developer,Accenture,4.1,,8-10 Yrs,Mumbai,Not disclosed,Professional Attributes : 1: Good communication 2: Good Leadership skills and team hand...,"['Data', 'Scienceoperational', 'supportdata', 'analysisdata', 'managementadvanced', 'excelteam', 'handlingstatistical', 'modelinghardware', 'testing']"
Data Science Lead,IKS HEALTH,3.5,,6-11 Yrs,Remote,Not disclosed,"Create specification, technical documentation and estimations as required for various p...","['PythonData', 'ScienceDataScience']"
Data Science Application Developer,Accenture,4.1,,6-8 Yrs,Mumbai,Not disclosed,Professional Attributes : 1: Good communication 2: Good Leadership skills and team hand...,"['Data', 'ScienceRCAServiceNowData', 'managementData', 'anMobile', 'Device', 'ManagementAgileSCRUM']"
"Consultant, Data Science & Analytics",Transunion,4.2,,1-2 Yrs,Pune,Not disclosed,"Degree, Masters Degree or PhD degree in statistics, applied mathematics, financial math...","['Operations', 'researchLinuxAnalyticalRisk', 'managementBusiness', 'intelligenceDigital', 'marketingGamingFinancial', 'services']"
Data Scientist - Data Science (Regression),Tiger Analytics,3.5,,5-8 Yrs,"Hybrid - Hyderabad/ Secunderabad, Telangana, Bangalore Rural, Karnataka, Chennai, Tamil Nadu",Not disclosed,"Data Scientist - Data Science (Regression) - (Chennai, Bangalore, Hyderabad) Remote I...","['Data', 'ScienceregressionLinear', 'RegressionPythonCustomer', 'Analyticsdata', 'scientistModel', 'BuildingMarketing', 'Analytics']"
Software Development Engineer III - Data Sciences,Flipkart,4.1,,6-8 Yrs,Bangalore/Bengaluru,Not disclosed,over time and make tech stack decisions accordingly to succeed in this data engineering...,"['Software', 'DevelopmentData', 'SciencepythonNoSQLGCPHadoopOLAPSpark']"
Assistant Scientist - Data Science Platform,Axa Technology Services,4.1,,2-4 Yrs,Gurgaon/Gurugram,Not disclosed,Prior experience of Cloud adminimum Linux and / or Database Administration . Hands-on t...,"['Product', 'managementLinuxdata', 'scienceAnalyticalMachine', 'learningCloudAgileDatabase', 'administration']"
Data Analysis & Interpretation Data Science Practitioner,Accenture,4.1,,6-8 Yrs,Hyderabad/Secunderabad,Not disclosed,Educational Qualification : Any Graduate . Technical Experience : 1Must have experience...,"['Data', 'analysisdata', 'scienceGCPData', 'analyticsSQL', 'queriesBigQuerybig', 'dataInterpretation']"
Data Science Analyst,Omnicom Media Group,3.5,,1-4 Yrs,"Hyderabad/Secunderabad, Bangalore/Bengaluru(Dodda Nekkundi), Delhi / NCR",Not disclosed,Experience with cloud computing such as AWS or Google Cloud Platform and others Preferr...,"['ChatGPTMarketing', 'MixAWSPythonSQLGenerative', 'AIArtificial', 'IntelligencePandas']"
"Senior Manager, Data Science",Visa Inc,4.2,,8-13 Yrs,Mumbai,Not disclosed,"Build a highly motivated, engaging and result oriented team. What you will need: . Bach...","['data', 'scienceCodingConsultingManager', 'Quality', 'ControlRisk', 'managementPortfolio', 'managementAnalyticsSQL']"
Senior Analyst - Data Science,AMERICAN EXPRESS,4.3,,0-3 Yrs,Gurgaon/Gurugram,Not disclosed,"Academic Background: . MBA, Masters Degree In Machine Learning, Computer Science, Stati...","['Text', 'miningCareer', 'developmentFinanceAnalyticalArtificial', 'IntelligenceMachine', 'learningmodel', 'developmentRisk', 'management']"
Data Science (Generative AI) - Senior Manager - ANI,PwC,3.6,,12-20 Yrs,"Hyderabad/Secunderabad, Bangalore/Bengaluru",Not disclosed,A career in our Advisory Acceleration Centre is the natural extension of PwC s leadin...,"['Cluster', 'analysisdeep', 'learningorchestrationGCPMachine', 'learningProcess', 'qualityData', 'analyticsAWS']"
Sr. Data Science Engineer,Anetcorp India,1.8,,2-5 Yrs,Remote,Not disclosed,Collaborate with a cross-functional team of customer-facing teammates to ensure that th...,"['Data', 'WranglingPandasData', 'AnalysisData', 'VisualizationJupyter', 'NotebookNumpyPythonData']"
Technology Lead - Data Science,,,,8-15 Yrs,Bangalore/Bengaluru,Not disclosed,Recruit and mentor a team of freshersRequirements: Bachelor s or master s degree in com...,"['Computer', 'scienceText', 'miningData', 'analysisGCPMachine', 'learningAlgorithm', 'developmentNatural', 'language', 'processingProject', 'delivery']"
Intermediate Data Science Specialist,CDM Smith,4.1,,3-5 Yrs,Bangalore/Bengaluru,Not disclosed,Why CDM Smith? :Imagine a place committed to offering an unmatched employee experience....,"['Natural', 'Language', 'ProcessingStatistical', 'ModelingMachine', 'LearningData', 'ScienceAdvanced', 'AnalyticsDataScienceProcess']"
Data Science Lead,Infogain,3.6,,8-11 Yrs,"Hybrid - Bangalore/ Bengaluru, Karnataka, Delhi / NCR, Mumbai (All Areas)",Not disclosed,Skills you should have: Experience in implementing the advanced techniques / methods li...,"['Data', 'ScienceNatural', 'Language', 'ProcessingNeural', 'NetworksTime', 'SeriesComputer', 'VisionProcessNetworkingScience']"
Senior Manager - Data Science | 6-8 Years| Mumbai,Xtage Technologies,4.8,,6-8 Yrs,Mumbai (All Areas),35-45 Lacs PA,The solutions are focused on providing valuable inputs to the business driving better o...,"['Predictive', 'ModelingCustomer', 'AnalyticsMarketing', 'AnalyticsMachine', 'LearningPythonAWSModelingAnalytics']"
Manager Data Science,AMERICAN EXPRESS,4.3,,5-6 Yrs,Gurgaon/Gurugram,Not disclosed,"Were seeking an experienced professional with strong quantitative skills, in-depth b...","['Computer', 'scienceData', 'analysisFinanceProject', 'managementRelationship', 'buildingPredictive', 'modelingForecastingOperations']"
"Data Science Engineer - NLP, LLM, and Generative AI Services",Desicrew Solutions,3.8,,2-7 Yrs,"Kolkata, Hyderabad/Secunderabad, Pune, Calicut/ Kozhikode, Kerala, Ahmedabad, Chennai, Bangalore/Bengaluru, Delhi / NCR, Mumbai (All Areas)",2.5-7.5 Lacs PA,"We are looking for a Software Application Engineer with expertise in providing NLP, LLM...","['Natural', 'Language', 'ProcessingLLMlarge', 'language', 'modelData', 'Sciencegenerative', 'ai', 'servicesArtificial', 'IntelligenceProcessingProcess']"
Data Science Engineer,,,,4-8 Yrs,"Pune, Maharashtra(Kalyani Nagar)",18-30 Lacs PA,"As a Data Science Engineer at Phonologies, you will be a key contributor to our team bu...","['SLMNatural', 'Language', 'Processinglarge', 'language', 'modelsDeep', 'LearningPythonTensorflowPytorchnamed', 'entity', 'recognition']"
Senior Manager - Data Science | 6-8 Years| Bengaluru/Gurugram,Xtage Technologies,4.8,,6-8 Yrs,"Hybrid - Gurgaon/ Gurugram, Haryana, Bangalore/ Bengaluru, Karnataka",35-45 Lacs PA,The solutions are focused on providing valuable inputs to the business driving better o...,"['Predictive', 'ModelingCustomer', 'AnalyticsMarketing', 'AnalyticsMachine', 'LearningPythonAWSDataSenior']"
"Senior Analyst, Customer Analytics(Data Science, SQL)","Western Union Financial Services, Inc",4.1,,3-5 Yrs,Pune,Not disclosed,. Role Requirements . 3 to 5 years of experience in a data analytics roleHands on exper...,"['AnalystHealth', 'insuranceDigital', 'mediacustomer', 'analyticsdata', 'scienceFinancial', 'servicesMonitoringTravel', 'insurance']"
"Senior Model Governance Analyst, Data Science & Analytics",Transunion,4.2,,5-9 Yrs,Pune,Not disclosed,The Model Governance team supports the TransUnion Model Risk Management process . You w...,"['Cloud', 'computingManager', 'Internal', 'AuditBusiness', 'analyticsConsultingMachine', 'learningAgileGap', 'analysisRisk', 'management']"
Manager - Data Science | Leading Finance Co. | Gurgaon,,,,5-10 Yrs,"Noida, Uttar Pradesh, New Delhi, Delhi, Gurgaon/ Gurugram, Haryana",Not disclosed,"Manage a team of data scientists, support & provide technical guidance. - Provide quant...","['Data', 'ScienceInsightsdataSASArtificial', 'IntelligenceFinanceTableauForecasting']"
Lead Data Scientist / Data Science - Manager | GeakMinds | Chennai,GeakMinds Technology Private Limited,4.5,,5-8 Yrs,Hybrid - Chennai,Not disclosed,Location: Chennai (Presently Remote) . Employment: Full time Experience: 5 - 8 years . ...,"['Machine', 'LearningPythonSQLScienceManagementMachineData', 'ScienceData']"
Manager Data Science,,,,3-5 Yrs,Gurgaon/Gurugram,Not disclosed,Strategic Partnership: Manage stakeholder relationships to assess needs and tran...,"['Data', 'analysisFinanceProject', 'managementRelationship', 'buildingPredictive', 'modelingForecastingOperationsMonitoring']"
Senior Analyst Data Science,Navit Software Solutions,4.7,,5-8 Yrs,"Kolkata, Mumbai, New Delhi, Hyderabad/Secunderabad, Pune, Chennai, Bangalore/Bengaluru",Not disclosed,"You will be required to utilize the existing frameworks, standards, patterns to create ...","['Analytical', 'skillsdeep', 'learningAnalystPublishingArchitecturedata', 'scienceArtificial', 'Intelligencedata', 'visualization']"
Data Science Consultant -SQL/Python/Satatistics/Analytics,Blue Yonder,4.2,,5-10 Yrs,Bangalore/Bengaluru,Not disclosed,"Experience with NoSQL databases, such as MongoDB, Cassandra . Good applied statistics s...","['Supply', 'chainAnalyticalMachine', 'learningData', 'collectionData', 'miningMATLABAnalyticsSQL']"
Senior Digital Innovation Engineer - Data Science,Buckman,3.7,,7-12 Yrs,Chennai,Not disclosed,"Basic Qualifications . Bachelors degree in a quantitative field such as Data Science, S...","['Water', 'treatmentC++data', 'scienceAnalyticalData', 'miningMATLABAnalyticsSQL']"
Data Science Analytics Specialist - Data Science,Accenture,4.1,,7-11 Yrs,Mumbai,Not disclosed,Please note that this role may require you to work in rotational shiftsQualifications: ...,"['Data', 'SciencePredictive', 'modelingAnalyticsdata', 'analysisdata', 'modelingArtificial', 'IntelligenceIntelligenceAnalysis']"
Deputy Manager/ Assistant Manager - Data Science,Tata Chemicals,4.1,,5-8 Yrs,Pune,Not disclosed,Skills Required . A successful candidate should be well versed with statistical tools r...,"['Chemicaldata', 'scienceData', 'modelingAnalyticalGenomicsMachine', 'learningCloudData', 'analytics']"
"Analytics Analyst, Data Science & Analytics",Transunion,4.2,,4-7 Yrs,Pune,Not disclosed,"Skills & Experience: Degree, Masters Degree or PhD degree in statistics, applied mathem...","['Cloud', 'computingOperations', 'researchAnalyticalAgileRisk', 'managementBusiness', 'intelligenceGamingAnalytics']"
Data Science Analyst,,,,3-8 Yrs,Hyderabad/Secunderabad,Not disclosed,Experience in Developing and enhancing algorithms and models to solve business problem ...,"['Analystdata', 'scienceAnalyticalMachine', 'learningProgrammingData', 'analyticsPythonmachine']"
Senior Analyst - Data Science,,,,0-3 Yrs,Gurgaon/Gurugram,Not disclosed,"The successful candidate will be responsible to manage and controls model risk, speci...","['Text', 'miningComputer', 'scienceCareer', 'developmentFinanceAnalyticalArtificial', 'IntelligenceMachine', 'learningWellness']"
Data Science Specialist,Accenture,4.1,,2-4 Yrs,"Kolkata, Mumbai, Hyderabad/Secunderabad, Pune, Chennai, Bangalore/Bengaluru",Not disclosed,Must Have Knowledge of statistical techniques and machine learning algorithms Hands-on ...,"['Product', 'managementChange', 'managementConsultingMachine', 'learningPythonBusiness', 'processArtificial', 'IntelligenceNatural', 'language', 'processing']"
Analyst Data Science,Navit Software Solutions,4.7,,3-7 Yrs,"Kolkata, Mumbai, New Delhi, Hyderabad/Secunderabad, Pune, Chennai, Bangalore/Bengaluru",Not disclosed,We are looking for a passionate certified Data AnalystLocate and define new process imp...,"['Business', 'objectsSASProcess', 'improvementXMLJavascriptData', 'collectionManager', 'Quality', 'ControlSPSS']"
Data Science (Data Scientist/ Sr.Data Scientist),Walmart,4.0,,4-8 Yrs,Bangalore/Bengaluru,Not disclosed,Tech Problem Formulation: Requires knowledge of: Analytics/big data analytics / autom...,"['Computer', 'scienceAutomationData', 'migrationCodingDebuggingJavascriptSeleniumJIRA']"
Manager - Analytics & Data Science,BMC Software,4.3,,10-12 Yrs,Pune,Not disclosed,"Experience leading and managing transformation, with demonstrable results in enabling c...","['SASData', 'managementProject', 'managementAnalyticalStrategic', 'planningCustomer', 'retentionMarket', 'researchRecruitment']"
Data Science Engineer,Flightcase It Services,2.1,,3-8 Yrs,Remote,10-17 Lacs PA,": . Bachelors degree in mathematics, statistics, healthcare administration, or related ...","['pythonhealthcareData', 'SciencePatient', 'CareHealthcare', 'AnalyticsPower', 'BihealthData', 'Visualization']"
"Data Science Trainer | Kharadi ,Pune",,,,3-8 Yrs,"Pune, Maharashtra",6-11 Lacs PA,"Preferred candidate profile : As a Data Science Trainer, you will be responsible for de...","['Machine', 'LearningDeep', 'Learningdata', 'scienceStatistical', 'Modelingdata', 'visualizationPredictive', 'ModelingStreamlining', 'Operationsalgorithms']"
"Manager, Marketing Data Science",Oportun,4.0,,5-7 Yrs,Remote,Not disclosed,". Master s degree or PhD in Statistics, Mathematics, Computer Science, Engineering or E...","['Computer', 'scienceLogistic', 'regressionProject', 'planningBudgetingRisk', 'managementDigital', 'marketingStakeholder', 'managementMonitoring']"
Data Science Lead,Digilytics AI,3.9,,5-7 Yrs,"Hybrid - Gurgaon/ Gurugram, Haryana",Not disclosed,"About UsAt Digilytics, we build and deliver easy to use AI products to the secured lend...","['pythondata', 'scienceTeam', 'ManagementPredictive', 'ModelingArtificial', 'IntelligenceNatural', 'Language', 'ProcessingComputer', 'VisionMachine', 'Learning']"
Data Engineer - Machine Learning/Data Science,Globalfoundries,3.5,,1-5 Yrs,Bangalore/Bengaluru,Not disclosed,The Data Science team in GLOBALFOUNDRIES has a primary mission of delivering data eng...,"['AutomationSemiconductorProject', 'managementRisk', 'assessmentMachine', 'learningData', 'analyticsJSONSQL']"
Senior Developer - Data Engineering/Science,3M India,4.2,,5-10 Yrs,Bangalore/Bengaluru,Not disclosed,". Job Requirements: . Master s Degree in Computer Science, Engineering or Technology fr...","['Supply', 'chainComputer', 'scienceAnalyticalArtificial', 'IntelligenceMachine', 'learningEngineering', 'ManagerNatural', 'language', 'processingForecasting']"
Lead Data Science Engineer,Coders Brain Pvt Ltd,3.8,,4-8 Yrs,Bangalore/Bengaluru,Not disclosed,"Bachelors or Masters degree in Computer Science, Engineering, or a related field . 4 to...","['NoSQLdata', 'scienceAgile', 'scrumProject', 'managementMachine', 'learningData', 'analyticsdata', 'visualizationOpen', 'source']"
Senior Analyst - Data Science (Regression),Tiger Analytics,3.5,,2-7 Yrs,"Hyderabad/Secunderabad, Chennai, Bangalore/Bengaluru",Not disclosed,"A passion for writing high-quality code (Python) and the code should be modular, scalab...","['Analystcustomer', 'analyticsMarketing', 'analyticsdata', 'scienceAnalyticalConsultingMachine', 'learningSilicon']"
Data Science Application Developer,Accenture,4.1,,8-10 Yrs,Bangalore/Bengaluru,Not disclosed,Professional Attributes : 1: Must have good communication skills 2: Must have ability t...,"['Azuredata', 'scienceAWSPythonApplication', 'Developmentmachine', 'learningDataApplication']"
Data Scientist Fraud & Credit Risk - Decision Science,Fiserv,3.7,,10-15 Yrs,"Thane, Maharashtra, Navi Mumbai, Maharashtra, Mumbai (All Areas)",Not disclosed,Job Posting Title: Data Scientist Fraud & Credit Risk - Decision ScienceLocation: Tha...,"['Predictive', 'ModelingStatistical', 'ModelingMachine', 'LearningPythonFinancial', 'ModellingRLogistic', 'RegressionRisk', 'Analytics']"
Manager Data Science,Grab,4.3,,1-5 Yrs,Bangalore/Bengaluru,Not disclosed,Team leading role with at least 8+ years of experienceDeep experience in building machi...,"['Team', 'leadingdata', 'scienceCodingRisk', 'analyticssparkMachine', 'learningData', 'analyticsCredit', 'risk']"
Data Science Engineer,,,,1-4 Yrs,"Bangalore/ Bengaluru, Karnataka(Electronic City)",Not disclosed,Data ScienceWe are looking for a highly motivated data scientist to develop and apply c...,"['pythonnumpymachine', 'learningtensorflowPandasdeep', 'learning', 'frameworksalgorithmsdata', 'analytics']"
Manager - Data Science - Analytics,Tata Capital,4.2,,4-5 Yrs,Warangal,Not disclosed,Major Deliverables: Drive risk analytics initiative for Retail & Mo...,"['SalesMortgageMISProcess', 'improvementCredit', 'underwritingManagementLegal', 'documentationCredit', 'risk']"
Manager - Data Science - Analytics,Tata Capital,4.2,,4-5 Yrs,Tiruchirapalli/Trichy,Not disclosed,Major Deliverables: Drive risk analytics initiative for Retail & Mo...,"['SalesMortgageMISProcess', 'improvementCredit', 'underwritingManagementLegal', 'documentationCredit', 'risk']"
Manager - Data Science - Analytics,Tata Capital,4.2,,4-5 Yrs,Madurai,Not disclosed,Major Deliverables: Drive risk analytics initiative for Retail & Mo...,"['SalesMortgageMISProcess', 'improvementCredit', 'underwritingManagementLegal', 'documentationCredit', 'risk']"
Data Science Engineer : Bangalore,Oracle,3.9,,5-9 Yrs,Hybrid - Bangalore/Bengaluru,Not disclosed,We are looking for a Data Science Engineer with good analytical skills and the ability ...,['javaSparkPythonKafka']
Business Analyst - Data Science,PayU,3.8,,4-9 Yrs,Bangalore/Bengaluru,Not disclosed,"Requirements to be successful in this role: . . . . . . A degree in Statistics, Compute...","['Computer', 'scienceWealth', 'managementLead', 'Business', 'AnalystMachine', 'learningManager', 'TechnologyStakeholder', 'managementFinancial', 'servicesAnalytics']"
Data Science and Analytics Technology Lead For Infosys - C2H,,,,5-10 Yrs,"Pune, Maharashtra, Bangalore/Bengaluru, Trivandrum/ Thiruvananthapuram, Kerala",7-12 Lacs PA,"Qualifications: . Bachelors or Masters degree in Computer Science, Data Science, or a r...",['PysparkBigqueryHDFSDataprocMiopsAirflowVertexPubsub']
Data Science Engineer,,,,8-10 Yrs,"Hyderabad/Secunderabad, Pune, Maharashtra, Chennai, Tamil Nadu, Bangalore/Bengaluru, Mumbai (All Areas)",10-20 Lacs PA,"Mandatory Skills: Python, Distance Matching Algorithms (Cosine, Soundex, , levenshtein ...","['Data', 'SciencelevenshteinSoundexfuzzy', 'matchingPythoncosineDataTrigonometry']"
Data Science Engineer,,,,8-13 Yrs,"Hyderabad/Secunderabad, Pune, Chennai, Tamil Nadu, Bangalore/Bengaluru, Mumbai (All Areas)",Not disclosed,"Mandatory Skills: Python, Distance Matching Algorithms (Cosine, Soundex, , levenshtein ...","['SoundexFuzzy', 'matchingData', 'AnalysisPythonCosinelevenshteinScienceTrigonometry']"
Engineer - Data Science (DATA SCIENCE ENGINEER),Ninestars Information Technologies,3.3,,0-1 Yrs,Bangalore/Bengaluru,Not disclosed,Hands-on coding expertise / Solid Programming Fundamentals in (at least one langua...,"['Computer', 'visiondata', 'scienceCodingAnalyticalArtificial', 'IntelligenceMachine', 'learningData', 'structuresAnalytics']"
"Sr. Data Science Lead(Data Pipeline, Data Modeling, Dataiku,Python)",Wipro,3.8,,5-7 Yrs,"Pune, Bangalore/Bengaluru",Not disclosed,"Data science, Python, ML, Deep learning, NLP experience is MUST- Strong experience in e...","['PythonDeep', 'learningData', 'ScienceTensorflowNLPPyTorchMxNETDL']"
"Sr. Manager, Data Science",Visa Inc,4.2,,10-20 Yrs,Bangalore/Bengaluru,Not disclosed,. What you will need: . 10+ years experience building end-to-end analytical systems as ...,"['Statistical', 'programmingManaged', 'servicesdata', 'scienceAnalyticalRetail', 'bankingConsultingEconometricsAnalytics']"
Data Analyst - Equity Data Science,,,,1-3 Yrs,Mumbai,Not disclosed,Prior experience with data analytics or internships in a similar role is a bonus Bachel...,"['Data', 'analysisData', 'validationExcelData', 'modelingAnalyticalData', 'collectionTIBCOData', 'quality']"
Sr. Data Science Analyst,Alliance Data,3.9,,2-6 Yrs,Bangalore/Bengaluru,Not disclosed,"Bachelor s degree in statistics, mathematics, engineering, data science, economics, com...","['Data', 'analysisdata', 'scienceAnalyticalPredictive', 'modelingRisk', 'managementData', 'miningForecastingFinancial', 'services']"
Assistant Vice President/Vice President - Data Science and Analytics,,,,10-13 Yrs,Mumbai (All Areas),35-50 Lacs PA,"Education: Bachelors degree / Masters Degree required, preferably with a quantitative f...","['Data', 'ScienceAnalyticsRPythonScienceDataAssistanceData', 'analytics']"
Data Science Specialist,Techsist Solution,3.4,,7-12 Yrs,"Kolkata, Mumbai, Hyderabad/Secunderabad, Pune, Chennai, Bangalore/Bengaluru",Not disclosed,"The candidate should be proficient in using cloud services from providers such as GCP, ...","['C++data', 'scienceLinuxGCPdevopsAgileNatural', 'language', 'processingWindows']"
Data Science Professional,Response Informatics,3.9,,5-10 Yrs,"Kolkata, Mumbai, Hyderabad/Secunderabad, New Delhi, Pune, Chennai, Bangalore/Bengaluru",Not disclosed,"Python with OOP concepts, Must have knowledge of statistical techniques and machine lea...","['UnixAutomationdata', 'scienceLinuxBusiness', 'analysisMachine', 'learningdata', 'visualizationTest', 'cases']"
Data Science Trainer,Super Scholar,5.0,,1-3 Yrs,"Kolkata, Mumbai, New Delhi, Hyderabad/Secunderabad, Pune, Chennai, Bangalore/Bengaluru",Not disclosed,"Provide hands-on experience with data science tools and technologies, including Python,...","['Computer', 'scienceTrainingCareer', 'developmentData', 'analysisdata', 'scienceMachine', 'learningPredictive', 'modelingdata', 'visualization']"
Data Scientist - Data Science (Regression),Tiger Analytics,3.5,,4-9 Yrs,"Hyderabad/Secunderabad, Chennai, Bangalore/Bengaluru",Not disclosed,"A passion for writing high-quality code (Python) and the code should be modular, scalab...","['customer', 'analyticsMarketing', 'analyticsdata', 'scienceProcess', 'documentationAnalyticalConsultingMachine', 'learningSilicon']"
Data Science Professional,Coders Brain Pvt Ltd,3.8,,10-15 Yrs,"Kolkata, Mumbai, New Delhi, Hyderabad/Secunderabad, Pune, Chennai, Bangalore/Bengaluru",Not disclosed,"Strong experience working with data science/ML libraries in python (SciPy, NumPy, Te...","['Front', 'endGITNoSQLWeb', 'analyticsRDBMScassandraJSONtest', 'driven', 'development']"
Data Science Engineer,IBM,4.1,,6-11 Yrs,Bangalore/Bengaluru,Not disclosed,Preferred Technical and Professional Expertise. Strong problem-solving skills through s...,"['JavascriptingCPythonSQLSemiconductorStatistical', 'analysisDiagnostics']"
Data Science Engineer,IBM,4.1,,6-10 Yrs,Bangalore/Bengaluru,Not disclosed,"As a Hardware Developer at IBM, you ll get to work on the systems that are driving the ...","['Javadata', 'scienceProgrammingSQLPythondata', 'modelingdata', 'sciencescircuit', 'analysis']"
Data Science Engineer,Wipro,3.8,,5-7 Yrs,Bangalore/Bengaluru,Not disclosed,"Experience with Open Source LLM and Langchain Framework . Expertise in Python and SQL, ...","['TensorFlowSpark', 'NLPHuggingFaceHadoopFlairApache', 'SparkNLTKspaCy']"
Data Science Engineers,Tata Elxsi,4.0,,3-7 Yrs,Bangalore/Bengaluru,Not disclosed,"Knowledge of one of the platforms like Pentaho, Matillion, Talend, will be added advant...","['HibernateTomcatdata', 'scienceData', 'collectionJDBCbig', 'dataPentahoAnalytics']"
Senior Associate Data Science L2,Publicis Resources,3.7,,6-9 Yrs,"Pune, Maharashtra, Gurgaon/ Gurugram, Haryana, Bangalore/ Bengaluru, Karnataka",22.5-32.5 Lacs PA,"Role & responsibilities Provide technical thought leadership, coaching and mentorship i...","['RnnRegressionKnnMachine', 'LearningDeep', 'LearningCNNClassificationMlops']"
Senior Associate Data Science L1,Publicis Resources,3.7,,4-6 Yrs,"Pune, Maharashtra, Gurgaon/ Gurugram, Haryana, Bangalore/ Bengaluru, Karnataka",13-22.5 Lacs PA,Preferred candidate profile . Experience in working on cloud environment for model deve...,"['RnnClassificationRegressionMachine', 'LearningDeep', 'LearningCNNKnnPython']"
"Senior Engineer, Data Science",Renault,4.2,,7-7 Yrs,Chennai,Not disclosed,Enable AI adoption in various areas of the organisation Manage a t...,"['Computer', 'visiondeep', 'learningdata', 'scienceArchitectureResourcingCompetency', 'developmentBudgetingAnalytics']"
Advisory Data Science Manager,KPMG Global Services Private Limited,3.8,,3-6 Yrs,Bangalore/Bengaluru,Not disclosed,"Bachelors or Masters in any of the following: Engineering, Statistics, Mathematics, Eco...","['Data', 'analysisGITCodingMachine', 'learningPredictive', 'modelingdata', 'visualizationAnalyticsMonitoring']"
Machine Learning Data Science Practitioner,Accenture,4.1,,4-6 Yrs,Bangalore/Bengaluru,Not disclosed,Work Experience :4-6 years Technical Experience : IN0249 . .,"['data', 'scienceMachine', 'learningbig', 'datadata', 'analysisdata', 'modelingdata', 'insightsAnalysisInsights']"
Machine Learning Data Science Practitioner,Accenture,4.1,,6-8 Yrs,Bangalore/Bengaluru,Not disclosed,Work Experience :6-8 years Technical Experience : IN0182,"['Strategy', 'consultingdata', 'scienceNetworkingMachine', 'learningbig', 'datasubject', 'matter', 'expertisetechnology', 'operationsSubject']"
Data Science consultant,Accenture,4.1,,4-5 Yrs,Bangalore/Bengaluru,Not disclosed,"As part of this role, the candidate is expected to have experience and be well versed i...","['data', 'sciencePythonSQLcustomer', 'analyticsnode.jsnlpregression', 'testingOmni', 'Channel', 'Integration']"
Computer Vision Data Science Practitioner,Accenture,4.1,,4-6 Yrs,Bangalore/Bengaluru,Not disclosed,Technical Experience : IN0211,"['data', 'sciencebig', 'dataComputer', 'Visiondata', 'acquiringComputerDataScienceAcquisition']"
Machine Learning Data Science Practitioner,Accenture,4.1,,2-4 Yrs,Bangalore/Bengaluru,Not disclosed,"Project Role :Data Science PractitionerProject Role Description :Manage, architect and ...","['data', 'scienceMachine', 'learningbig', 'datadata', 'modellingdata', 'acquiringData', 'modelingData', 'AcquisitionModeling']"
Advisory Data Science Assistant Manager,KPMG Global Services Private Limited,3.8,,2-5 Yrs,Bangalore/Bengaluru,Not disclosed,"Experience is solving business problems using statistics and ML - EDA, Predictive Model...","['Data', 'analysisGITCodingMachine', 'learningPredictive', 'modelingdata', 'visualizationAnalyticsMonitoring']"
Computer Vision Data Science Practitioner,Accenture,4.1,,6-8 Yrs,Bangalore/Bengaluru,Not disclosed,Work Experience :6-8 years Technical Experience : IN0193,"['Computer', 'visiondata', 'sciencebig', 'dataMachine', 'LearningDeep', 'LearningComputerMachineData']"
Machine Learning Data Science Practitioner,Accenture,4.1,,2-4 Yrs,Bangalore/Bengaluru,Not disclosed,Work Experience :5-4 years,"['data', 'scienceNetworkingMachine', 'learningbig', 'datadata', 'modelsData', 'Science', 'PractitionerScienceData']"
Machine Learning Data Science Practitioner,Accenture,4.1,,6-8 Yrs,Bangalore/Bengaluru,Not disclosed,Work Experience :6-8 years,"['data', 'scienceMachine', 'learningbig', 'dataData', 'Science', 'PractitionerScienceDataMachine']"
Data Science Professional,Wipro,3.8,,6-11 Yrs,Bangalore/Bengaluru,Not disclosed,"Experience with Open Source LLM and Langchain Framework . Expertise in Python and SQL, ...","['Open', 'SourceLangchain', 'FrameworkLLMNLPDeep', 'learning', 'frameworkHadoopmicrosoft', 'azureSQL']"
MACHINE LEARNING / DATA SCIENCE TRAINER,Ethnotech Academy,3.8,,2-5 Yrs,Bangalore/Bengaluru,Not disclosed,"Data Science, Machine Learning, Python, Training, Trainer, Tableau, Deep learning, NL...","['Trainingdeep', 'learningtableaudata', 'scienceCodingAnalyticalMachine', 'learningSubject', 'Matter', 'Expert']"
Associate Scientist- Data Science,Axa Technology Services,4.1,,3-7 Yrs,Gurgaon/Gurugram,Not disclosed,". Proficiency in end-to-end model development, validation and model implementation for ...","['data', 'scienceUnderwritingFinanceMachine', 'learningAgileManager', 'TechnologyActuarialNatural', 'language', 'processing']"
Junior Software Engineer - Data Science,LogiNext,3.4,,0-1 Yrs,Mumbai,Not disclosed,"Bachelors degree or higher in Computer Science, Information Technology, Information Sys...","['Cloud', 'computingData', 'managementData', 'modelingMachine', 'learningBusiness', 'intelligenceData', 'miningInformation', 'technologySQL']"
Principal Analyst - Data Science,Factspan Analytics,3.5,,6-10 Yrs,"Hybrid - Bangalore/ Bengaluru, Karnataka",Not disclosed,"Expertise in model validation, hyperparameter tuning, and model selection techniques su...","['pythonMachine', 'learningData', 'sciencesqltime', 'seriesstatistical', 'modellingDataData', 'analysis']"
Marketing Analyst - Data Science,,,,12-15 Yrs,"Noida, Pune, Bangalore/Bengaluru",Not disclosed,"Market Mix modeling ( MMM) , Media Mix, Funnel Analysis , Campai...","['Marketing', 'analyticsdata', 'scienceBfsiSales', 'analyticsSales', 'forecastingHealthcareE-commerceMarketing', 'Analyst']"
Senior Product Manager - Data Science & AI,Icertis,3.6,,12-15 Yrs,Pune,Not disclosed,ICI is a highly configurable platform and is one of the key selling points of Icertis s...,"['Product', 'managementBusiness', 'processERPProduct', 'engineeringCompetitive', 'analysisMachine', 'learningManagement', 'consultingMarket', 'research']"
Senior Manager - Data Science,AMERICAN EXPRESS,4.3,,4-8 Yrs,Gurgaon/Gurugram,Not disclosed,"Academic Background: . MBA, Master s Degree In Machine Learning, Computer Science, Stat...","['Text', 'miningCareer', 'developmentCodingAnalyticalMachine', 'learningmodel', 'developmentRisk', 'managementPython']"
Senior Consultant - Data Science & Analytics (Data Analyst),Softcrylic Technology Solutions India,3.3,,5-10 Yrs,"Chennai, Remote",Not disclosed,Experience in working on Data and Statistical AnalysisExperience in Tableau development...,"['Data', 'ScienceHypothesis', 'testingTableauStatistical', 'AnalysisSQLSoftware', 'testingAnalysisSenior']"
Data Science Engineer || GCP || Immediate Joiner,Conneqt Digital,3.7,,4-7 Yrs,Bangalore/Bengaluru,Not disclosed,"Qualifications & Experience: . Bachelors degree in computer science, statistics, or a r...","['Data', 'SciencevertexgcpArtificial', 'Intelligencemachine', 'learningpythonData', 'Flowstatistical', 'modeling']"
Senior/Lead - Data Science(Regression) - Bangalore,Tiger Analytics,3.5,,2-7 Yrs,Bangalore/Bengaluru,Not disclosed,"Role & responsibilities . Must Have Skills : Regression, Python . Good to have : Custom...","['Data', 'ScienceRegressionModel', 'BuildingPythonPricing', 'AnalyticsTime', 'SeriesCustomer', 'AnalyticsMarketing', 'Analytics']"
Manager Data Science,Publicis Resources,3.7,,9-12 Yrs,"Pune, Maharashtra, Gurgaon/ Gurugram, Haryana, Bangalore/ Bengaluru, Karnataka",3.25-4.25 Lacs PA,Author Technical blogs both internally and externally and evangelize the Team s efforts...,"['RnnRegressoinKnnMachine', 'LearningDeep', 'LearningCNNClassificationMlops']"
Manager - Data Science,Themathcompany,2.8,,7-10 Yrs,Bangalore/Bengaluru,Not disclosed,". An undergraduate degree in engineering, statistics, mathematics, computer science, or...","['Computer', 'scienceData', 'analysisOperations', 'researchManager', 'Quality', 'AssuranceCodingProject', 'managementMS', 'OfficePowerpoint']"
Data Science Manager,Coders Brain Pvt Ltd,3.8,,5-9 Yrs,Kolkata,Not disclosed,. D) Other Information . Educational Qualifications Master s / Bachelor s degree in Com...,"['Solution', 'designStatistical', 'modelingdata', 'scienceMachine', 'learningData', 'processingConsultancyStatisticsAnalytics']"
"Manager, Data Science",Mondelez,4.4,,6-11 Yrs,Mumbai,Not disclosed,". Education / Certifications: Bachelor s or Master s in Computer Science, Engineering, ...","['C++Software', 'designCodingAnalyticalPackagingJavascriptData', 'miningAnalytics']"
Data Science Lead,Pfizer,4.1,,5-7 Yrs,Mumbai,Not disclosed,". Bachelors degree with a minimum of 5 years experience in Data Science, Analytics or r...","['Data', 'analysisSASFinancial', 'analysisProcess', 'improvementHealthcareCustomer', 'supportCustomer', 'serviceAnalytics']"
Data Science and Research Vice President - Mumbai,Msci,4.0,,8-13 Yrs,"Hybrid - Mumbai Suburban, Maharashtra",Not disclosed,Your team responsibilitiesMSCI is looking for an exceptional individual to join the Da...,"['Data', 'ScienceResearchDataScience']"
Data Science Lead,Essenware,4.6,,10-12 Yrs,Hyderabad/Secunderabad,Not disclosed,Good experience of EDA on Commercial Datasets Time series analy...,"['Data', 'analysisdata', 'scienceTime', 'series', 'analysisPharmaHealthcareDeploymentmodel', 'developmentData', 'processing']"
Manager - Data Science,AMERICAN EXPRESS,4.3,,4-8 Yrs,Gurgaon/Gurugram,Not disclosed,"Academic Background: . MBA, Masters Degree In Machine Learning, Computer Science, Stati...","['Text', 'miningCareer', 'developmentCodingAnalyticalMachine', 'learningmodel', 'developmentRisk', 'managementPython']"
Data Science Analyst,,,,1-3 Yrs,Hyderabad/Secunderabad,Not disclosed,"Proficient in a structured programming language is a must - such as python, R is mandatory","['data', 'scienceSenior', 'AnalystAnalyticalProgrammingAnalyticsPythonseniordata']"
Business & Data Science Analyst,Bairesdev Llc,3.5,,3-6 Yrs,Remote,Not disclosed,+3 years of experience in Business Intelligence. - +2 years of experience in an analyti...,"['Automationdata', 'scienceSenior', 'AnalystData', 'modelingResearchBusiness', 'intelligenceAnalyticsscience']"
Senior Data Science Engineer,,,,6-10 Yrs,Bangalore/Bengaluru,Not disclosed,6-10 Years of experience . Past Experience building data analytics pipelines . Good kno...,"['C++Data', 'structuresCustomer', 'serviceBusiness', 'intelligenceSecurity', 'operationsVMSSQLLogistics']"
Data Science/Analyst,,,,2-5 Yrs,New Delhi,Not disclosed,"Direct Work experience with Python, Software Development for Data Analytics can be subs...","['Computer', 'scienceData', 'analysisUsageDebuggingSystem', 'programmingData', 'collectionHypothesis', 'Testinghr', 'solutions']"
Senior Software Engineer - Data Science,,,,5-7 Yrs,Bangalore/Bengaluru,Not disclosed,5 years of professional experience in experiment design and applied machine learning pr...,"['data', 'scienceCodingStaffingMachine', 'learningTechnical', 'leadershipmodel', 'developmentResident', 'ExpertStatistics']"
Data Science Lead,MothersonSumi INfotech & Designs (MIND),3.3,,6-10 Yrs,"Noida, Uttar Pradesh",Not disclosed,Job Description:We are looking for an experienced and motivated Data Scientist to join ...,"['Machine', 'LearningDeep', 'LearningData', 'ScienceMatplotlibpythonArtificial', 'Intelligencedata', 'miningStatistics']"
Data Science Trainer,Madrid Software,3.7,,1-2 Yrs,"New Delhi, Delhi(Saket)",3-5 Lacs PA,"Bachelors degree in Data Science, Computer Science, or a related fieldProven experience...","['Data', 'ScienceMachine', 'LearningDeep', 'LearningPower', 'BiArtificial', 'IntelligenceSQLTrainingScience']"
Lead Data Science,Mahindra Mahindra Financial Services Ltd,4.3,,3-7 Yrs,Mumbai,Not disclosed,Most important: Work experience of leading and delivering Data Science projects to clients,"['Supply', 'chainSocial', 'media', 'analyticsMalayalamdata', 'scienceConsultingMachine', 'learningcxoProject', 'delivery']"
VP - Data Science,Info Edge,4.1,,11-17 Yrs,"Noida, Uttar Pradesh",Not disclosed,Role & responsibilities Responsible for mentoring and managing large Data science team...,"['Artificial', 'IntelligenceNatural', 'Language', 'ProcessingMachine', 'LearningDeep', 'LearningInformation', 'Extractionfeature-learning.Market', 'Intelligencesearch']"
"Executive Manager, Data Science",BNY Mellon,4.1,,15-20 Yrs,Pune,Not disclosed,". Advanced degree in computer science or a related discipline, or equivalent work exper...","['Executivedata', 'sciencedataexecutive', 'managementsciencemanagement']"
Head Data Science - ONLY Immediate Joiners,,,,12-22 Yrs,"Noida, Uttar Pradesh, Delhi / NCR",35-55 Lacs PA,ONLY Immediate Joiners Skill - Data Science & Python (MUST),"['Data', 'SciencePythonTensorflowData', 'EngineeringData', 'StrategyGenerative', 'AINatural', 'Language', 'ProcessingKafka']"
AI and Data Science Engineer,,,,3-8 Yrs,Bangalore/Bengaluru,Not disclosed,"Bachelors or master s degree in computer science, Data Science, Statistics, or a relate...","['AnalyticalArtificial', 'IntelligenceMachine', 'learningData', 'collectionHealthcareForecastingMonitoringSQL']"
Data Science Engineer || 4+ yrs,Emids,3.6,,6-9 Yrs,"Hybrid - Noida, Uttar Pradesh, Bangalore/Bengaluru",Not disclosed,"Extensive knowledge of transformers, with hands-on experience in BERT and Large Languag...","['pythondata', 'sciencenginxBertDeep', 'LearningkubernetesfastapiCloud']"
Data Science Engineer III - Machine Learning,,,,6-11 Yrs,Bangalore/Bengaluru,Not disclosed,. 6+ years experience working in a Data Science role. Extensive experience developing a...,"['Data', 'ScienceJavadata', 'analysisGitHubHadoopMachine', 'LearningData', 'Structuredecision', 'tree', 'learning']"
Data Science Engineer,Locus It Services Services Pvt. Ltd,2.1,,1-3 Yrs,Hybrid - Bangalore/Bengaluru,4-9 Lacs PA,* Demonstrable experience applying statistical methods and machine learning techniques ...,"['ScalaMATLABPythonrwekaData', 'ScienceScienceData']"
Analyst-Data Science,,,,0-3 Yrs,Gurgaon/Gurugram,Not disclosed,". MBA, Master s Degree In Machine Learning, Computer Science, Statistics Or Related Fie...","['Text', 'miningComputer', 'scienceCareer', 'developmentFinanceAnalyticalArtificial', 'IntelligenceMachine', 'learningWellness']"
Senior Engineer - Data Science,CAMBRIDGE TECHNOLOGY ENTERPRISES (CTE),3.8,,5-10 Yrs,Hybrid - Hyderabad/Secunderabad,18-30 Lacs PA,"Experience with Python implementations to build ML and deep learning algorithms (e.g., ...","['Predictive', 'ModelingLogistic', 'RegressionDecision', 'TreeArtificial', 'IntelligenceMachine', 'LearningText', 'AnalyticsNatural', 'Language', 'ProcessingNeural', 'Networks']"
Senior Software Engineer - Data Science,LogiNext,3.4,,4-7 Yrs,Mumbai,Not disclosed,"Requirements: . . Bachelors or Masters degree in Computer Science, Math, Physics, Engin...","['Cloud', 'computingData', 'analysisTeam', 'managementSASData', 'modelingPHPPerlApache']"
Delivery Manager Data Science Operations,Cians Analytics,3.3,,6-8 Yrs,Bangalore/Bengaluru,Not disclosed,Experience in SAS and Google BigQuery is preferred . Master s in Statistics / Mathemati...,"['Process', 'automationData', 'analysisSASAnalyticaldata', 'visualizationBusiness', 'intelligenceAnalyticsSQL']"
Data Science Trainer,,,,1-5 Yrs,Bangalore/Bengaluru(Sector 6 HSR Layout),4-9 Lacs PA,We are seeking a highly skilled and experienced Data Science Trainer to join our team....,"['Data', 'SciencePytorchArtificial', 'IntelligenceMachine', 'LearningDeep', 'LearningTensorflowIntelligenceMachine']"
Data Science Specialist AI ML NLP,Elfonze Technologies,2.5,,5-8 Yrs,Bangalore/Bengaluru,Not disclosed,"Design, develop, test, and deploy Machine Learning models using state-of-the-art algori...","['IT', 'servicesSANSOCHealthcareOpen', 'sourceData', 'miningCRMPython']"
Data Science - Lead,SRM Technologies,3.6,,12-14 Yrs,"Chennai, Tamil Nadu",Not disclosed,12+ years of extensive implementation experience in data analytics space,"['Data', 'ScienceAzureRData', 'ManagementAWSPythonLeadershipData']"
"Manager Data Science, Fintech",Booking Holdings,4.7,,2-6 Yrs,Bangalore/Bengaluru,Not disclosed,Experience in a payments related industry or role a big plus . 6+ years of relevant wor...,"['Career', 'developmentData', 'analysisdata', 'scienceMachine', 'learningData', 'qualityForecastingAnalyticsRecruitment']"
Data Science Manager,,,,5-8 Yrs,Bangalore/Bengaluru,Not disclosed,Experience in leading a team of both data scientist and machine learning engineers to s...,"['Operations', 'researchdata', 'scienceAviationAnalyticalMachine', 'learningData', 'collectionScrumMonitoring']"
Manager - Data Science,Digit88,3.8,,5-7 Yrs,Bangalore/Bengaluru,Not disclosed,". Bachelors degree in Business, Computer Science, Computer Information Systems, Enginee...","['Product', 'engineeringProject', 'managementAnalyticalBusiness', 'analyticsConsultingBillingBusiness', 'intelligenceForecasting']"
Data Science Professional,Xitadel,4.0,,2-6 Yrs,Bangalore/Bengaluru,Not disclosed,Applied experience with Deep Learning algorithms such as Convolutional Neural Networks ...,"['deep', 'learningStatistical', 'analysisdata', 'scienceNeural', 'networksTime', 'series', 'analysisMachine', 'learningProgrammingSQL']"
Data Science Manager,Novartis,4.0,,8-12 Yrs,Hyderabad/Secunderabad,Not disclosed,"Plans proactively, anticipates and actively manages change, sets stakeholder expectatio...","['AutomationSimulationAnalyticalArtificial', 'IntelligenceMachine', 'learningAgile', 'methodologyBusiness', 'intelligenceForecasting']"
Project Manager | Data Science | Machine Learning,,,,4-9 Yrs,Remote,Not disclosed,"Experience tracking small to medium-sized projects from ideation to completion, includi...","['Operations', 'researchSalesdata', 'scienceAnalyticalMachine', 'learningProgrammingResearchStatistics']"
Senior Manager- Data Science,Crayon Data,3.8,,12-15 Yrs,Chennai,Not disclosed,"to the following. 10+ years of data scientist experience, post PhD in statistics, Machi...","['GISSANPrototypedata', 'scienceData', 'managementSOCMachine', 'learningMaya']"
Data Science - Manager/ Senior Associate,Merilytics,3.4,,3-6 Yrs,Hyderabad/Secunderabad,Not disclosed,Pre-requisites and skillsets required to apply for this role: . 2-5 years of experience...,"['Decision', 'TreeNatural', 'Language', 'ProcessingNeural', 'NetworksRandom', 'ForestData', 'SciencePredictive', 'ModelingpythonLogistic', 'Regression']"
Data Science Developer,,,,5-8 Yrs,Remote,Not disclosed,Knowledge of DICOM development and troubleshooting experience . REQUIRED EDUCATION AND ...,"['Computer', 'scienceC++Medical', 'imagingDicomdata', 'scienceFormulationMachine', 'learningHealthcare']"
Consultant/Senior Consultant Data Science,,,,3-7 Yrs,"Kochi/Cochin, Thrissur/Trichur, Calicut/Kozhikode, Trivandrum/Thiruvananthapuram",Not disclosed,Job Summary . A graduate with a Bachelors / Master s degree in technology At least 2-5 ...,"['Supply', 'chainERPPrototypeFrenchMySQLConsultingMachine', 'learningAnalytics']"
"Sr. Product Manager, Data Science, AI Framework",Gitlab,3.7,,7-12 Yrs,Remote,Not disclosed,Prior experience with ML / AI products and use casesExperience with internal stakeholde...,"['Career', 'developmentTalent', 'acquisitionSocial', 'mediaIntellectual', 'propertyMachine', 'learningmarket', 'dataStakeholder', 'managementOpen', 'source']"
VP & Head-Data Science & Analytics For International Markets,,,,20-27 Yrs,"Pune, Chennai, Bangalore/Bengaluru",Not disclosed,"Masters degree in statistics, applied mathematics, financial mathematics, engineering, ...","['Data', 'ScienceAnalyticsData', 'Science', 'LeaderPythonSQLMarketingLeadershipData']"
Data Science Lead,,,,5-10 Yrs,"Hyderabad/Secunderabad, Chennai, Bangalore/Bengaluru",Not disclosed,Must have knowledge of statistical techniques and machine learning algorithmsExperience...,"['Data', 'Sciencedeep', 'learningNLPPower', 'BIpytestData', 'ScientistMachine', 'learningpredictive', 'analytics']"
Data Science and Analytics Lead || WFO || C2H,,,,6-10 Yrs,"Bangalore/ Bengaluru, Karnataka, Trivandrum/ Thiruvananthapuram, Kerala",10-12 Lacs PA,Share updated CV along with PAN# and highest degree certification (with final marks)Thi...,"['PysparkBigqueryBig', 'DataDataprocPythonVertexSqoopData', 'Flow']"
Data science with Statistics Professional,,,,1-3 Yrs,Bangalore/Bengaluru,Not disclosed,. Should possess extensive knowledge of and experience in applying data mining and mach...,"['deep', 'learningdata', 'scienceStaffingAnalyticalMachine', 'learningProgrammingData', 'miningbig', 'data']"
DATA SCIENCE ENGINEER,,,,3-8 Yrs,Noida,Not disclosed,Proficiency and experience data science . Experience in SQL & No SQL databases . Experi...,"['Computer', 'scienceAutomationData', 'analysisjQuerydata', 'scienceXMLMachine', 'learningJSON']"
"Data Science Engineer, SMAI",Micron Software,5.0,,1-4 Yrs,Hyderabad/Secunderabad,Not disclosed,"Bachelor s or Master s degree in Computer science, Electrical / Electronic Engineering","['Computer', 'scienceData', 'analysisAnalyticalArtificial', 'IntelligenceMachine', 'learningJavascriptAnalyticsSQL']"
Engineer II Data Science,Copeland,4.1,,2-3 Yrs,Pune,Not disclosed,"Hands-on experience with data science platforms like Azure OpenAI, IBM OpenShift(6 mont...","['data', 'cleansingStatistical', 'programmingAnalyticalMachine', 'learningSPSSdata', 'visualizationData', 'miningSQL']"
Data Science Engineer,Colruyt It Consultancy India,4.2,,8-13 Yrs,"Hyderabad/ Secunderabad, Telangana",Not disclosed,Data Science EngineerAbout the jobDigital to and from core is the DNA of Colruyt Group....,"['PandasNumpyPythonSQLData', 'ScienceData', 'engineerScienceData', 'Engineering']"
Data Science Engineer,Anetcorp India,1.8,,2-5 Yrs,Mohali,Not disclosed,". We are looking for: . A minimum of a Bachelor s degree . in a mathematical, computati...","['Computer', 'scienceAutomationGITLinuxdata', 'scienceAnalyticalDebuggingMachine', 'learning']"
Data Science Engineer - Machine/Deep Learning Models - R/Python/Scala,CARBYNETECH,4.4,,4-8 Yrs,Hyderabad/Secunderabad,Not disclosed,- Experience in research and developmentConference papers at reputed AI / ML platforms ...,"['Data', 'ScienceTensorflowRArtificial', 'IntelligenceScalaTime', 'Series', 'ForecastingBig', 'DataMachine', 'Learning']"
Data Science Engineer 1,Copeland,4.1,,2-3 Yrs,Pune,Not disclosed,Basic understanding of machine learning algorithms from Sckit-learn and statistical alg...,"['Web', 'technologiesdata', 'scienceNeural', 'networksMachine', 'learningjenkinsCalculusPythonmicroservices']"
Data Science Solution Engineer,,,,1-3 Yrs,Gurgaon/Gurugram,Not disclosed,. . . Design and build data solutions for data science projects using cloud based big d...,"['C++data', 'scienceMachine', 'learningAgileData', 'processingData', 'qualityData', 'miningSQL']"
Data Science Engineer,QiO,1.0,,10-15 Yrs,Pune,Not disclosed,Bachelor s Degree in an Engineering discipline is a must AI\ML\Analytics Certification ...,"['IT', 'SkillsData', 'ScienceCloudBig', 'DataSupply', 'chain', 'managementNetworkingArtificial', 'IntelligenceMachine', 'learning']"
Data Science Engineer,Copeland,4.1,,1-7 Yrs,Pune,Not disclosed,DevOps experience and mindset are a big plusMinimum of 1-year experience in building mi...,"['System', 'architectureData', 'analysisWeb', 'servicesNeural', 'networksXMLAnalyticalMachine', 'learningData', 'processing']"
BigData/Data Science Engineer,Quantta Analytics Pvt Ltd.,3.0,,4-8 Yrs,Pune,Not disclosed,"Deep understanding of technology and major trends including Hadoop, Python, R . Experie...","['Interpersonal', 'skillsStatistical', 'analysisdata', 'scienceHadoopApacheOpen', 'sourceData', 'miningbig', 'data']"
Data Science Engineer,Consilium Software,2.5,,2-5 Yrs,New Delhi,Not disclosed,Skills Required: . Understanding of NLU / NLP . One should be familiar with regression ...,"['data', 'scienceData', 'modelingArtificial', 'IntelligenceMachine', 'learningData', 'structuresOracleCustomer', 'engagementcisco']"
Software Engineer - Data Science,LogiNext,3.4,,2-3 Yrs,Mumbai,Not disclosed,"Requirements: . Bachelors degree or higher in Computer Science, Information Technology,...","['Cloud', 'computingOperations', 'researchData', 'managementData', 'modelingAnalyticalData', 'miningBusiness', 'intelligenceInformation', 'technology']"
Data Science Engineer 1,Emerson,4.2,,2-3 Yrs,Pune,Not disclosed,Basic understanding of machine learning algorithms from Sckit-learn and statistical alg...,"['Web', 'technologiesdata', 'scienceNeural', 'networksMachine', 'learningjenkinsCalculusPythonmicroservices']"
"Tech Manager, Data Science",,,,12-15 Yrs,Pune,Not disclosed,12+ years of experience in Software Industry . At least 3+ years experience in managing...,"['Computer', 'sciencePower', 'houseWeb', 'servicesdata', 'sciencePeople', 'management', 'skillsFinanceCloudResearch']"
Manager Data Science,Innominds Software,3.2,,10-15 Yrs,Hyderabad/Secunderabad,Not disclosed,The position demands a flair for research and innovation in identifying new techn...,"['Business', 'processTelecomSASMachine', 'learningAlgorithm', 'developmentHealthcareOpen', 'sourceData', 'mining']"
Manager Data Science,,,,10-20 Yrs,Hyderabad/Secunderabad,Not disclosed,"Responsibilities . Design through a team, a data science/ AI solution to a customer s r...","['Business', 'processTelecomSASMachine', 'learningAlgorithm', 'developmentHealthcareOpen', 'sourceData', 'mining']"
Data Science Team Manager,Circle K Stores Inc,4.5,,4-7 Yrs,Gurgaon/Gurugram,Not disclosed,"Qualifications and experience . Bachelordegree required, preferably with a quantitative...","['Supply', 'chainData', 'analysiscustomer', 'analyticsCodingBusiness', 'analyticsAnalyticalMySQLData', 'mining']"
"Manager, Data Science",Mondelez,4.4,,4-8 Yrs,Mumbai,Not disclosed,. What you will bring . A desire to drive your future and accelerate your career and th...,"['C++Software', 'designCodingAnalyticalPackagingJavascriptData', 'miningAnalytics']"
Data Science Trainer,INFOWIZ,3.9,,1-3 Yrs,Chandigarh,Not disclosed,Educational Qualification . Any Graduate . Job Responsibilities . Work with stakeholder...,"['Usagedata', 'sciencePredictive', 'modelingBusiness', 'solutionsRevenue', 'generationTestingModelingTraining']"
Data Science Professional,Coders Brain Pvt Ltd,3.8,,2-6 Yrs,Gurgaon/Gurugram,Not disclosed,"BE / Tech in Engineering, Masters / PhD candidates preferred . Strong background in str...","['Data', 'analysisdata', 'scienceBusiness', 'analysisDjangoMachine', 'learningApplication', 'developmentData', 'qualityAnalytics']"
Associate Vice President - Data Science,LogiNext,3.4,,11-14 Yrs,Mumbai,Not disclosed,Adapting and enhancing machine learning techniques based on physical intuition abo...,"['Cloud', 'computingData', 'analysisSASData', 'modelingPHPPerlApacheData', 'mining']"
Data Science Manager,,,,2-7 Yrs,Trivandrum/Thiruvananthapuram,Not disclosed,- Overall years of experience: 8+ years of experience in Statistical and Machine learni...,"['data', 'scienceDjangoMachine', 'learningAgileOpen', 'sourceData', 'miningForecastingAutomotive']"
Data Science Manager,Technovert,3.7,,8-9 Yrs,Hyderabad/Secunderabad,Not disclosed,Must have developed custom data models and algorithms to apply to data sets Should have...,"['IT', 'servicesText', 'miningData', 'analysisdata', 'scienceRFSimulationData', 'miningLicensing']"
Data Science Manager,Technovert,3.7,,8-12 Yrs,Hyderabad/Secunderabad,Not disclosed,Must have developed custom data models and algorithms to apply to data sets Should have...,"['IT', 'servicesText', 'miningData', 'analysisdata', 'scienceRFSimulationData', 'miningLicensing']"
Data Science Manager,Technovert,3.7,,9-12 Yrs,Hyderabad/Secunderabad,Not disclosed,Must have developed custom data models and algorithms to apply to data sets Should have...,"['Data', 'Science', 'Managersciencedatamanagementdata', 'science']"
Data Science Lead,Buckman,3.7,,8-9 Yrs,Chennai,Not disclosed,"Bachelor s degree in a quantitative field such as Data Science, Statistics, Applied Mat...","['Water', 'treatmentC++data', 'scienceAnalyticalData', 'miningCosmosMATLABAnalytics']"
"Assistant Manager, Data Science",GXO Logistics,3.8,,2-12 Yrs,Mumbai,Not disclosed,Bachelor s degree in Engineering . . 8 to 12 years of experience in Supply Chain and lo...,"['GISdata', 'scienceHadoopSupply', 'chain', 'solutionsManager', 'TechnologyManagementPentahoAnalytics']"
Data Science Trainer,Imagecon India,5.0,,2-5 Yrs,Salem,Not disclosed,*Deploy classroom and practical training aligned to industry requirements in Data Sc...,"['Analytical', 'skillsTechnical', 'trainingQuality', 'standardsPDFdata', 'scienceMachine', 'learningProgrammingPredictive', 'analytics']"
Data Science Manager,Bellfast Management,3.8,,5-7 Yrs,Coimbatore,Not disclosed,"Deep learning, machine learning, Power BI like Tableau Minimum of 5+ years of experienc...","['NoSQLStatistical', 'analysisRDBMSMISAnalyticalMachine', 'learningBusiness', 'intelligenceEconometrics']"
Data Science Manager,Digilytics,3.9,,7-10 Yrs,Gurgaon/Gurugram,Not disclosed,"Must know how to deploy modelsExperience with deep learning, ML, NLP Strong R and Pytho...","['DjangoMachine', 'learningHTMLHTTPmicrosoftAnalyticsFinancial', 'servicesSQL']"
Data Science - Trainer,,,,3-9 Yrs,Gurgaon/Gurugram,Not disclosed,This role is best suited for: - Person with 3+ years experience of delivering data scie...,"['Trainingdeep', 'learningdata', 'scienceMachine', 'learningdata', 'visualizationBusiness', 'intelligenceAnalyticsPython']"
Data Science Professional,Softweb Solutions,3.2,,2-6 Yrs,Ahmedabad,Not disclosed,"AI, ML, Deep learning, Computer Vision, NLP Skills. Python/R Scripting Experience(M...","['Computer', 'visiondeep', 'learningPDFdata', 'scienceGCPCloudDeploymentJPEG']"
Data Science Consultants,,,,2-7 Yrs,Hyderabad/Secunderabad,Not disclosed,Critically evaluate information gathered from multiple sources. Create written c...,"['RDBMSDatabase', 'designMySQLStored', 'proceduresTest', 'casesOracleBusiness', 'intelligenceInformation', 'technology']"
Data Science Lead,,,,3-5 Yrs,"Hyderabad/Secunderabad, Ahmedabad",Not disclosed,Skills & Experience Required : - 8+ years of work experience in advanced analytic solut...,"['IT', 'servicesdata', 'scienceWeb', 'applicationMachine', 'learningAgileScrumSOWOpen', 'source']"
Data Science Manager,,,,10-13 Yrs,Pune,Not disclosed,5+ years data science and analytics experienceSolid experience with common data science...,"['Analytical', 'skillsNoSQLdata', 'scienceProject', 'managementBusiness', 'analyticsAnalyticalcloud', 'storagedata', 'visualization']"
Data Science Professional,Pranathi Software Services,3.6,,2-3 Yrs,Hyderabad/Secunderabad,Not disclosed,"Experience with building predictive statistical, behavioral or other models via supervi...","['Computer', 'visionPrototypeCodingQuality', 'systemsMySQLDebuggingMachine', 'learningPredictive', 'modeling']"
Lead Data Science Specialist,Talent Socio,3.6,,3-7 Yrs,Hyderabad/Secunderabad,Not disclosed,"Bachelor s degree in Science, Mathematics, Economics, Computer Science, Information Tec...","['Automationdata', 'scienceBusiness', 'analyticsConsultingManagement', 'consultingRisk', 'managementIT', 'operationsInformation', 'technology']"
Data Science Manager-R&D,Flytxt,4.2,,5-10 Yrs,Trivandrum/Thiruvananthapuram,Not disclosed,Applied research experience of at least 2 5 years on real-world problems using AIMachin...,"['Computer', 'sciencedeep', 'learningsparkArtificial', 'IntelligenceIntellectual', 'propertyMachine', 'learningResearchOpen', 'source']"
Data Science Manager,Talent Socio,3.6,,8-9 Yrs,Hyderabad/Secunderabad,Not disclosed,. Must have developed custom data models and algorithms to apply to data sets . Should ...,"['IT', 'servicesText', 'miningData', 'analysisRFSimulationNetwork', 'analysisData', 'miningLicensing']"
Risk Advisory Data Analytics Analyst,KPMG Global Services Private Limited,3.8,,1-3 Yrs,Bangalore/Bengaluru,Not disclosed,Work on BI tools and data handling activities. Technical Skills & Experience Have a go...,"['Computer', 'sciencedata', 'sciencepower', 'biData', 'analyticsAdvanced', 'ExcelData', 'AnalystIndividual', 'Contributorinternational', 'clients']"
Data Science Professional,,,,3-9 Yrs,Hyderabad/Secunderabad,Not disclosed,. Should have 3-9 years hands-on experience in algorithms and implementation of analyti...,"['data', 'scienceProject', 'leadershipStaffingPredictive', 'analyticsAnalyticstext', 'analyticsScienceData']"
Data Scientist: Artificial Intelligence,IBM,4.1,,5-7 Yrs,Bangalore/Bengaluru,Not disclosed,"Introduction In this role, you ll work in our IBM Client Innovation Center (CIC), whe...","['Data', 'ScienceArtificial', 'IntelligenceCloudPackagingData', 'analyticsalgorithmspythonproduct', 'development']"
Data Scientist: Advanced Analytics,IBM,4.1,,5-7 Yrs,Bangalore/Bengaluru,Not disclosed,"In this role, you ll work in our IBM Client Innovation Center (CIC), where we deliver d...","['Data', 'Scienceadvanced', 'analyticsalgorithmspythonopen', 'sourcedata', 'analyticsproduct', 'developmententerprise', 'applications']"
Data Scientist: Artificial Intelligence,IBM,4.1,,5-7 Yrs,Bangalore/Bengaluru,Not disclosed,"In this role, you ll work in our IBM Client Innovation Center (CIC), where we deliver d...","['Data', 'ScienceEnterprise', 'applicationsOpen', 'sourceMachine', 'LearningPythondata', 'pipelinesArtificial', 'IntelligenceData', 'Analytics']"
Data Scientist: Advanced Analytics,IBM,4.1,,5-7 Yrs,Bangalore/Bengaluru,Not disclosed,"In this role, you ll work in our IBM Client Innovation Center (CIC), where we deliver d...","['Data', 'ScienceOpen', 'sourceMachine', 'LearningPythondata', 'algorithmsAI', 'solutionsAlgorithmsData', 'analytics']"
Data Scientist: Advanced Analytics,IBM,4.1,,5-7 Yrs,Bangalore/Bengaluru,Not disclosed,"In this role, you ll work in our IBM Client Innovation Center (CIC), where we deliver d...","['Data', 'ScienceEnterprise', 'applicationsOpen', 'sourcePythonquantitative', 'analysesData', 'analyticsMLData']"
Fresher - Data Science,,,,0-3 Yrs,"Chennai, Tamil Nadu",2.5-3.75 Lacs PA,Good analytical and problem solving skillsCandidates with Google Data Science Certifica...,"['Data', 'ScienceData', 'EngineeringArtificial', 'IntelligenceData', 'AnalyticsMachine', 'LearningDeep', 'LearningDataIntelligence']"
Data Analyst - Findability Sciences,Findability Sciences,3.9,,3-8 Yrs,"Mumbai, Aurangabad",Not disclosed,Excellent skills in machine learning/deep learning-based algorithms with structured/u...,"['deep', 'learningAnalyticalSocial', 'mediaMachine', 'learningdata', 'integrityForecastingAnalyticsPython']"
Data Scientist,Cyient,3.7,,7-12 Yrs,Bangalore/Bengaluru,Not disclosed,Working on Power Query editor for Data formatting to Clean & Model the Data as per requ...,"['chartsbir', 'scriptdashboardssqltablesdata', 'sciencewriting']"
Data Scientist: Artificial Intelligence,IBM,4.1,,5-7 Yrs,Bangalore/Bengaluru,Not disclosed,"In this role, you ll work in our IBM Client Innovation Center (CIC), where we deliver d...","['Artificial', 'IntelligenceData', 'scienceData', 'Analyticsconversation', 'analyticsPythondata', 'exploration', 'toolscloud', 'technologiesML']"
Data Scientist: Artificial Intelligence,IBM,4.1,,5-7 Yrs,Bangalore/Bengaluru,Not disclosed,"In this role, you ll work in our IBM Client Innovation Center (CIC), where we deliver d...","['Artificial', 'IntelligenceCloudData', 'scienceData', 'analyticsTableudata', 'exploration', 'toolsPythonIntelligence']"
Data Scientist: Artificial Intelligence,IBM,4.1,,5-7 Yrs,Bangalore/Bengaluru,Not disclosed,"In this role, you ll work in our IBM Client Innovation Center (CIC), where we deliver d...","['Data', 'ScienceArtificial', 'IntelligenceOpen', 'sourceData', 'AnalyticsPythondata', 'algorithmsdata', 'modelingTableau']"
Data Scientist: Artificial Intelligence,IBM,4.1,,5-7 Yrs,Bangalore/Bengaluru,Not disclosed,"In this role, you ll work in our IBM Client Innovation Center (CIC), where we deliver d...","['Data', 'ScienceArtificial', 'IntelligenceOpen', 'sourceData', 'AnalyticsPythondata', 'algorithmsdata', 'modelingTableau']"
Data Scientist,Neostats,3.4,,3-8 Yrs,Bangalore/Bengaluru,Not disclosed,"We are looking for highly talented Data Scientist to join our team in Bengaluru, Ind...","['Computer', 'scienceData', 'analysisSASdata', 'scienceMISAnalyticalData', 'analyticsInformation', 'technology']"
Senior Data Analyst,IBM,4.1,,2-4 Yrs,Bangalore/Bengaluru,Not disclosed,Measure performance and establish new measurement systems to detect performance shifts ...,"['Cognosdata', 'visualizationSQLPythondata', 'scienceSales', 'analyticsTableauScience']"
Data Science Document processing - NLP,Wipro,3.8,,5-10 Yrs,"Kolkata, West Bengal, Pune, Maharashtra, Bangalore/ Bengaluru, Karnataka",Not disclosed,"Shift Good experience in NLP with understanding of Entity Recognition, custom embeddin...","['NLPDeep', 'LearningPythonData', 'ScienceDocumentsDataProcessingNatural', 'language', 'processing']"
